timestamp,publisher_id,subscriber_id,latency_ms,delivered
1790509028363,0,0,0,1
1790509028363,1,1,0,1
1790509028363,2,2,0,1
1790509028363,3,3,0,1
1790509028363,4,4,0,1
1790509028363,5,5,0,1
1790509028363,6,6,0,1
1790509028363,7,7,0,1
1790509028364,8,8,0,1
1790509028364,9,9,0,1
1790509028364,10,10,0,1
1790509028364,11,11,0,1
1790509028364,12,12,0,1
1790509028364,13,13,0,1
1790509028364,14,14,0,1
1790509028364,15,15,0,1
1790509028364,16,16,0,1
1790509028364,17,17,0,1
1790509028364,18,18,0,1
1790509028364,19,19,0,1
1790509028364,20,20,0,1
1790509028364,21,21,0,1
1790509028364,22,22,0,1
1790509028364,23,23,0,1
1790509028364,24,24,0,1
1790509028364,25,25,0,1
1790509028364,26,26,0,1
1790509028364,27,27,0,1
1790509028364,28,28,0,1
1790509028364,29,29,0,1
1790509028364,30,30,0,1
1790509028364,31,31,0,1
1790509028364,32,32,0,1
1790509028364,33,33,0,1
1790509028364,34,34,0,1
1790509028364,35,35,0,1
1790509028364,36,36,0,1
1790509028364,37,37,0,1
1790509028364,38,38,0,1
1790509028364,39,39,0,1
1790509028365,40,40,0,1
1790509028365,41,41,0,1
1790509028365,42,42,0,1
1790509028365,43,43,0,1
1790509028365,44,44,0,1
1790509028365,45,45,0,1
1790509028365,46,46,0,1
1790509028365,47,47,0,1
1790509028365,48,48,0,1
1790509028365,49,49,0,1
1790509028365,0,50,0,1
1790509028365,1,51,0,1
1790509028365,2,52,0,1
1790509028365,3,53,0,1
1790509028365,4,54,0,1
1790509028365,5,55,0,1
1790509028365,6,56,0,1
1790509028365,7,57,0,1
1790509028365,8,58,0,1
1790509028365,9,59,0,1
1790509028365,10,60,0,1
1790509028365,11,61,0,1
1790509028365,12,62,0,1
1790509028365,13,63,0,1
1790509028365,14,64,0,1
1790509028365,15,65,0,1
1790509028365,16,66,0,1
1790509028365,17,67,0,1
1790509028365,18,68,0,1
1790509028365,19,69,0,1
1790509028365,20,70,0,1
1790509028365,21,71,0,1
1790509028365,22,72,0,1
1790509028365,23,73,0,1
1790509028365,24,74,0,1
1790509028365,25,75,0,1
1790509028365,26,76,0,1
1790509028365,27,77,0,1
1790509028365,28,78,0,1
1790509028365,29,79,0,1
1790509028366,30,80,0,1
1790509028366,31,81,0,1
1790509028366,32,82,0,1
1790509028366,33,83,0,1
1790509028366,34,84,0,1
1790509028366,35,85,0,1
1790509028366,36,86,0,1
1790509028366,37,87,0,1
1790509028366,38,88,0,1
1790509028366,39,89,0,1
1790509028366,40,90,0,1
1790509028366,41,91,0,1
1790509028366,42,92,0,1
1790509028366,43,93,0,1
1790509028366,44,94,0,1
1790509028366,45,95,0,1
1790509028366,46,96,0,1
1790509028366,47,97,0,1
1790509028366,48,98,0,1
1790509028366,49,99,0,1